{
    "name": "root",
    "metadata": {
        "timer_format_version": "0.1.0",
        "start_time_seconds": "1637860947",
        "python_version": "3.8.6 (tags/v3.8.6:db45529, Sep 23 2020, 15:52:53) [MSC v.1927 64 bit (AMD64)]",
        "command_line_arguments": "D:\\PROJETS\\MLAgents_FirstSteps\\.env\\Scripts\\mlagents-learn --run-id=1 --force",
        "mlagents_version": "0.27.0",
        "mlagents_envs_version": "0.27.0",
        "communication_protocol_version": "1.5.0",
        "pytorch_version": "1.8.2+cu102",
        "numpy_version": "1.21.4",
        "end_time_seconds": "1637861071"
    },
    "total": 124.6362502,
    "count": 1,
    "self": 0.007415300000005232,
    "children": {
        "run_training.setup": {
            "total": 0.06767100000000004,
            "count": 1,
            "self": 0.06767100000000004
        },
        "TrainerController.start_learning": {
            "total": 124.5611639,
            "count": 1,
            "self": 0.2510960000001745,
            "children": {
                "TrainerController._reset_env": {
                    "total": 7.101770699999999,
                    "count": 1,
                    "self": 7.101770699999999
                },
                "TrainerController.advance": {
                    "total": 117.09085729999981,
                    "count": 16060,
                    "self": 0.23904849999948397,
                    "children": {
                        "env_step": {
                            "total": 114.04754409999981,
                            "count": 16060,
                            "self": 81.25989999999969,
                            "children": {
                                "SubprocessEnvManager._take_step": {
                                    "total": 32.62304249999984,
                                    "count": 16060,
                                    "self": 0.7154080000007177,
                                    "children": {
                                        "TorchPolicy.evaluate": {
                                            "total": 31.907634499999123,
                                            "count": 16001,
                                            "self": 14.240953299998342,
                                            "children": {
                                                "TorchPolicy.sample_actions": {
                                                    "total": 17.66668120000078,
                                                    "count": 16001,
                                                    "self": 17.66668120000078
                                                }
                                            }
                                        }
                                    }
                                },
                                "workers": {
                                    "total": 0.16460160000028523,
                                    "count": 16059,
                                    "self": 0.0,
                                    "children": {
                                        "worker_root": {
                                            "total": 114.11170340000021,
                                            "count": 16059,
                                            "is_parallel": true,
                                            "self": 50.210955200000235,
                                            "children": {
                                                "steps_from_proto": {
                                                    "total": 0.0003349000000003599,
                                                    "count": 1,
                                                    "is_parallel": true,
                                                    "self": 0.00019010000000108107,
                                                    "children": {
                                                        "_process_rank_one_or_two_observation": {
                                                            "total": 0.00014479999999927884,
                                                            "count": 2,
                                                            "is_parallel": true,
                                                            "self": 0.00014479999999927884
                                                        }
                                                    }
                                                },
                                                "UnityEnvironment.step": {
                                                    "total": 63.900413299999975,
                                                    "count": 16059,
                                                    "is_parallel": true,
                                                    "self": 1.0162457000002405,
                                                    "children": {
                                                        "UnityEnvironment._generate_step_input": {
                                                            "total": 0.8219959999993476,
                                                            "count": 16059,
                                                            "is_parallel": true,
                                                            "self": 0.8219959999993476
                                                        },
                                                        "communicator.exchange": {
                                                            "total": 58.28651079999983,
                                                            "count": 16059,
                                                            "is_parallel": true,
                                                            "self": 58.28651079999983
                                                        },
                                                        "steps_from_proto": {
                                                            "total": 3.7756608000005603,
                                                            "count": 16057,
                                                            "is_parallel": true,
                                                            "self": 2.5097076999999937,
                                                            "children": {
                                                                "_process_rank_one_or_two_observation": {
                                                                    "total": 1.2659531000005666,
                                                                    "count": 32114,
                                                                    "is_parallel": true,
                                                                    "self": 1.2659531000005666
                                                                }
                                                            }
                                                        }
                                                    }
                                                }
                                            }
                                        }
                                    }
                                }
                            }
                        },
                        "trainer_advance": {
                            "total": 2.8042647000005108,
                            "count": 16059,
                            "self": 0.3044513999994187,
                            "children": {
                                "process_trajectory": {
                                    "total": 1.0299747000011035,
                                    "count": 16059,
                                    "self": 1.0299747000011035
                                },