{"count":1,"self":58.003327999999996,"total":204.8927704,"children":{"InitializeActuators":{"count":1,"self":0.0020019,"total":0.0020019,"children":null},"InitializeSensors":{"count":1,"self":0.00096919999999999992,"total":0.00096919999999999992,"children":null},"AgentSendState":{"count":137934,"self":0.51823809999999992,"total":1.2750835999999999,"children":{"CollectObservations":{"count":27587,"self":0.094521899999999992,"total":0.094521899999999992,"children":null},"WriteActionMask":{"count":27587,"self":0.0569444,"total":0.0569444,"children":null},"RequestDecision":{"count":27587,"self":0.20119099999999998,"total":0.6053792,"children":{"AgentInfo.ToProto":{"count":27587,"self":0.1729376,"total":0.4041882,"children":{"GenerateSensorData":{"count":27587,"self":0.2312506,"total":0.2312506,"children":null}}}}}}},"DecideAction":{"count":137934,"self":144.782592,"total":144.7825956,"children":null},"AgentAct":{"count":137934,"self":0.8238017,"total":0.8238017,"children":null},"AgentInfo.ToProto":{"count":198,"self":0.001999,"total":0.0039939,"children":{"GenerateSensorData":{"count":198,"self":0.0019949,"total":0.0019949,"children":null}}}},"gauges":{"My Behavior.CumulativeReward":{"count":198,"max":-5.17897367,"min":-15232.4443,"runningAverage":-2255.19482,"value":-463.8247,"weightedAverage":-1416.95459}},"metadata":{"timer_format_version":"0.1.0","start_time_seconds":"1637917626","unity_version":"2020.3.13f1","command_line_arguments":"C:\\Users\\raffa\\Documents\\Unity\\2020.3.13f1\\Editor\\Unity.exe -projectpath D:\/PROJETS\/MLAgents_FirstSteps\/Tutorial -useHub -hubIPC -cloudEnvironment production -hubSessionId dd12a3d0-4e96-11ec-8574-e10990de6915 -accessToken qS4NiNjrhqbf0owsKeeJ_qj7euTOq-DpWRx1XmIZr84008f","communication_protocol_version":"1.5.0","com.unity.ml-agents_version":"1.9.1-preview","scene_name":"Tutorial","end_time_seconds":"1637917831"}}